date,open,high,low,close,volume,changed,changep,adjclose,tradeval,tradevol
2018-12-28,20.56,20.795,20.28,20.34,9753908,-0.04,-0.20%,20.1689,199688646.99,45995
2018-12-27,20.02,20.39,19.65,20.38,11942928,0.05,0.25%,20.2085,239858063.64,57195
2018-12-26,19.53,20.35,19.215,20.33,14093809,0.942,4.90%,20.1589,280896505.24,47130
2018-12-24,19.40,19.89,19.32,19.38,6326318,-0.268,-1.37%,19.2169,123794504.06,34414
2018-12-21,19.98,20.38,19.63,19.65,21153858,-0.416,-2.09%,19.4847,420989908.83,80346
2018-12-20,20.51,20.635,19.82,20.07,16294928,-0.476,-2.34%,19.9011,328530419.00,79613
2018-12-19,21.46,21.63,20.34,20.55,18164045,-0.853,-4.02%,20.3771,380275997.88,86721
2018-12-18,21.602,21.92,21.37,21.41,11889427,-0.01,-0.05%,21.2299,256598017.75,54932
2018-12-17,21.90,22.275,21.285,21.42,11680801,-0.585,-2.68%,21.2398,253516577.30,58030
2018-12-14,22.08,22.435,21.94,22.01,11959572,-0.278,-1.26%,21.8248,264485205.25,53920
2018-12-13,22.63,22.91,22.26,22.29,11356820,-0.258,-1.15%,22.1025,255350340.99,53668
2018-12-12,22.70,22.985,22.52,22.55,10202035,0.159,0.72%,22.3603,231983410.73,49151
2018-12-11,23.10,23.40,22.385,22.55,13065207,-0.374,-1.66%,22.2014,296379451.99,55884
2018-12-10,22.80,23.06,22.305,22.93,13111617,0.00,0.00%,22.5755,298083421.25,63236
2018-12-07,23.90,23.91,22.63,22.93,17395261,-1.073,-4.54%,22.5755,399583026.59,82068
2018-12-06,22.76,24.09,22.70,24.02,19873605,0.768,3.36%,23.6487,469600209.32,102629
2018-12-04,23.89,24.17,23.035,23.24,15220561,-0.699,-2.96%,22.8808,355823991.97,69772
2018-12-03,23.40,24.015,23.40,23.95,13175506,0.935,4.13%,23.5798,313962637.16,59361
2018-11-30,23.22,23.24,22.42,23.00,19162325,0.138,0.61%,22.6445,439834800.28,59476
2018-11-29,23.29,23.29,22.66,22.86,17342479,-0.561,-2.43%,22.5066,397468339.46,75835
2018-11-28,22.80,23.44,22.61,23.43,9003453,0.689,3.08%,23.0678,208285161.43,44521
2018-11-27,22.63,22.765,22.47,22.73,10173910,-0.079,-0.35%,22.3786,230444524.89,42656
2018-11-26,22.85,22.92,22.475,22.81,10845705,0.295,1.33%,22.4574,246218750.24,47264
2018-11-23,22.39,22.76,22.27,22.51,3909040,-0.148,-0.66%,22.162,88266099.75,19475
2018-11-21,22.77,23.075,22.66,22.66,8218147,0.049,0.22%,22.3097,187416913.31,39662
2018-11-20,23.07,23.12,22.47,22.61,10786859,-0.925,-3.99%,22.2605,244984022.28,55313
2018-11-19,24.09,24.17,23.305,23.55,10002870,-0.601,-2.52%,23.186,236626032.19,42681
2018-11-16,23.99,24.37,23.96,24.16,8672140,-0.01,-0.04%,23.7865,209511366.31,39854
2018-11-15,23.55,24.43,23.415,24.17,10585780,0.433,1.85%,23.7964,254786090.12,59474
2018-11-14,24.26,24.42,23.69,23.73,9949729,-0.217,-0.92%,23.3632,238102775.86,53222
2018-11-13,23.99,24.33,23.78,23.95,7820566,-0.039,-0.17%,23.5798,187753176.71,44246
2018-11-12,24.77,24.86,23.94,23.99,7794682,-0.994,-4.04%,23.6192,188623377.21,38449
2018-11-09,25.36,25.49,24.76,25.00,7125829,-0.492,-1.96%,24.6135,178301709.40,38236
2018-11-08,25.42,25.72,25.37,25.50,7545735,0.03,0.12%,25.1058,192652507.01,33596
2018-11-07,25.0757,25.51,24.66,25.47,8228401,0.581,2.37%,25.0763,207514455.74,34694
2018-11-06,24.59,24.88,24.53,24.88,6444505,0.236,0.97%,24.4954,159548859.42,29062
2018-11-05,24.63,24.77,24.421,24.64,7038951,0.01,0.04%,24.2591,173137176.29,30940
2018-11-02,24.36,24.83,24.30,24.63,11792214,0.138,0.57%,24.2493,289802467.83,56718
2018-11-01,24.24,24.50,23.98,24.49,7361450,0.345,1.45%,24.1114,179232970.13,39465
2018-10-31,23.84,24.37,23.78,24.14,9992164,0.463,1.99%,23.7668,241374470.64,43097
2018-10-30,23.07,23.70,22.98,23.67,9441089,0.64,2.82%,23.3041,221837069.97,52731
2018-10-29,23.48,23.715,22.70,23.02,9897324,-0.108,-0.48%,22.6642,229702331.08,48511
2018-10-26,23.31,23.63,22.845,23.13,12369440,-0.65,-2.77%,22.7725,287044593.80,69821
2018-10-25,23.28,24.06,23.27,23.79,11226187,0.719,3.17%,23.4222,266203069.76,61730
2018-10-24,23.97,24.0399,23.02,23.06,11420588,-0.866,-3.68%,22.7035,267756359.47,61201
2018-10-23,23.61,24.13,23.26,23.94,9621910,-0.167,-0.71%,23.5699,228140056.51,54153
2018-10-22,24.00,24.43,23.95,24.11,10434885,0.266,1.13%,23.7373,252399374.04,53172
2018-10-19,23.87,24.25,23.645,23.84,11827007,0.069,0.29%,23.4715,282660748.32,46958
2018-10-18,23.81,24.09,23.54,23.77,7205519,-0.098,-0.42%,23.4026,171518192.76,41161
2018-10-17,24.03,24.13,23.595,23.87,7839173,-0.089,-0.38%,23.501,187199216.06,39452
2018-10-16,23.77,23.98,23.56,23.96,8101354,0.394,1.70%,23.5896,192906962.43,42823
2018-10-15,23.62,23.845,23.54,23.56,9107851,-0.108,-0.46%,23.1958,215688347.62,46539
2018-10-12,23.46,23.76,23.27,23.67,12284506,0.65,2.87%,23.3041,289117568.54,64656
2018-10-11,24.07,24.14,22.84,23.01,18005482,-1.231,-5.15%,22.6543,421310057.25,98398
2018-10-10,24.81,24.995,24.22,24.26,14229994,-0.699,-2.84%,23.885,350163467.42,66296
2018-10-09,24.87,25.12,24.75,24.97,9625480,-0.039,-0.16%,24.584,240367582.81,50460
2018-10-08,25.19,25.345,24.94,25.01,11520204,-0.325,-1.30%,24.6234,289000837.31,52356
2018-10-05,26.27,26.43,25.215,25.34,15682412,-1.063,-4.09%,24.9483,400691068.40,67704
2018-10-04,26.89,27.08,26.22,26.42,12955501,0.354,1.38%,26.0116,344854798.51,67889
2018-10-03,26.20,26.34,25.97,26.06,8714433,-0.02,-0.08%,25.6572,227595953.39,38634
2018-10-02,25.60,26.15,25.60,26.08,14379897,0.473,1.87%,25.6769,373875021.22,48779
2018-10-01,25.80,25.98,25.53,25.60,8572926,-0.167,-0.66%,25.2043,220676845.51,43622
2018-09-28,25.54,25.885,25.48,25.77,9174484,0.138,0.55%,25.3716,236132483.86,39675
2018-09-27,26.01,26.02,25.58,25.63,7933500,-0.335,-1.31%,25.2338,204015085.47,36001
2018-09-26,25.71,26.22,25.71,25.97,10367809,0.404,1.60%,25.5685,269991462.97,45284
2018-09-25,25.86,25.94,25.52,25.56,6308755,-0.305,-1.20%,25.1649,161671120.74,29275
2018-09-24,25.73,25.95,25.72,25.87,9643743,0.039,0.15%,25.4701,249338772.75,43952
2018-09-21,25.788,26.14,25.73,25.83,21915838,0.138,0.54%,25.4307,566052454.73,43024
2018-09-20,25.44,25.78,25.40,25.69,10136203,0.423,1.70%,25.2929,260140673.12,49512
2018-09-19,25.15,25.33,25.045,25.26,7134245,0.098,0.40%,24.8695,180044008.89,32019
2018-09-18,24.98,25.27,24.96,25.16,7597414,0.148,0.60%,24.7711,191240418.58,32797
2018-09-17,25.04,25.245,24.98,25.01,5937377,-0.03,-0.12%,24.6234,149061210.14,30289
2018-09-14,25.01,25.15,24.955,25.04,5509826,0.03,0.12%,24.6529,138022766.70,30763
2018-09-13,24.71,25.09,24.67,25.01,6814943,0.404,1.67%,24.6234,170274642.47,33702
2018-09-12,24.60,24.69,24.415,24.60,6950554,-0.079,-0.32%,24.2197,170709519.40,39383
2018-09-11,24.45,24.81,24.345,24.68,13718470,0.167,0.69%,24.2985,338034185.32,37972
2018-09-10,24.78,24.89,24.57,24.65,11585744,-0.059,-0.24%,24.1318,286091237.10,52245
2018-09-07,24.76,24.9584,24.66,24.71,14398321,0.029,0.12%,24.1906,356834870.79,54015
2018-09-06,24.71,24.92,24.6401,24.68,7686512,0.00,0.00%,24.1612,190144206.65,40606
2018-09-05,24.83,24.93,24.4823,24.68,12745992,-0.127,-0.52%,24.1612,315132390.56,41100
2018-09-04,24.53,24.88,24.385,24.81,8906647,0.157,0.65%,24.2884,219789310.21,43663
2018-08-31,24.56,24.73,24.42,24.65,8939185,-0.078,-0.32%,24.1318,220292939.64,38300
2018-08-30,25.04,25.26,24.69,24.73,9607897,-0.343,-1.40%,24.2101,239525218.09,45182
2018-08-29,24.55,25.28,24.51,25.08,11216208,0.578,2.41%,24.5528,281157381.34,48159
2018-08-28,24.44,24.59,24.31,24.49,5619690,0.157,0.66%,23.9752,137443613.13,29234
2018-08-27,24.39,24.56,24.27,24.33,6599979,0.176,0.75%,23.8185,160829027.47,34515
2018-08-24,24.00,24.375,23.68,24.15,12857872,-0.47,-1.95%,23.6423,309274766.89,64816
2018-08-23,24.50,24.71,24.48,24.63,8162060,0.137,0.57%,24.1122,200802126.78,38237
2018-08-22,24.46,24.6299,24.25,24.49,5273781,0.00,0.00%,23.9752,129192873.19,29156
2018-08-21,24.60,24.725,24.35,24.49,8179249,-0.049,-0.20%,23.9752,200857163.35,35592
2018-08-20,24.54,24.80,24.45,24.54,6085602,0.00,0.00%,24.0241,149463535.30,32566
2018-08-17,24.08,24.62,24.07,24.54,7524365,0.392,1.66%,24.0241,183948580.04,33292
2018-08-16,24.18,24.29,24.055,24.14,6125681,0.108,0.46%,23.6325,148098182.14,25682
2018-08-15,23.91,24.09,23.88,24.03,6318655,-0.117,-0.50%,23.5248,151612405.04,32543
2018-08-14,23.93,24.245,23.93,24.15,5071423,0.343,1.47%,23.6423,122426965.86,24538
2018-08-13,24.05,24.16,23.79,23.80,4631452,-0.186,-0.79%,23.2997,110756431.97,26084
2018-08-10,23.91,24.09,23.91,23.99,5335897,-0.088,-0.37%,23.4857,128089712.21,28896
2018-08-09,24.13,24.32,24.045,24.08,4836992,-0.059,-0.25%,23.5738,116777964.53,25076
2018-08-08,23.98,24.25,23.93,24.14,5567847,0.147,0.63%,23.6325,134378539.70,28838
2018-08-07,23.83,24.075,23.80,23.99,6311714,0.245,1.05%,23.4857,151306244.72,34502
2018-08-06,23.28,23.83,23.28,23.74,5649703,0.392,1.71%,23.2409,133877723.86,32194
2018-08-03,23.26,23.485,23.22,23.34,5092822,0.127,0.56%,22.8494,118792038.98,24871
2018-08-02,22.89,23.26,22.89,23.21,5254327,0.196,0.87%,22.7221,121641600.29,30623
2018-08-01,23.14,23.30,22.96,23.01,4344498,-0.069,-0.30%,22.5263,100236605.42,24742
2018-07-31,23.12,23.215,23.05,23.08,6092636,-0.02,-0.09%,22.5948,140776380.40,26576
2018-07-30,23.25,23.39,22.97,23.10,4268322,-0.127,-0.56%,22.6144,98809421.97,23467
2018-07-27,23.45,23.545,23.11,23.23,4742387,-0.215,-0.94%,22.7417,110403618.25,28585
2018-07-26,23.22,23.645,23.22,23.45,6452266,0.157,0.69%,22.957,151594241.11,31965
2018-07-25,22.91,23.31,22.91,23.29,5888728,0.294,1.30%,22.8004,136325654.93,29207
2018-07-24,23.25,23.45,22.90,22.99,7192225,-0.049,-0.22%,22.5067,165968129.33,33640
2018-07-23,22.87,23.15,22.66,23.04,5596298,0.098,0.44%,22.5557,128596956.79,30013
2018-07-20,23.19,23.20,22.89,22.94,6920765,-0.245,-1.08%,22.4578,159162798.40,29734
2018-07-19,23.40,23.53,23.17,23.19,6056367,-0.333,-1.44%,22.7025,140802168.91,30811
2018-07-18,23.60,23.675,23.32,23.53,6467602,-0.059,-0.25%,23.0354,151784173.76,32964
2018-07-17,23.38,23.715,23.38,23.59,4094667,0.02,0.08%,23.0941,96663180.58,19890
2018-07-16,23.69,23.74,23.505,23.57,3791481,-0.137,-0.59%,23.0745,89440509.77,20543
2018-07-13,23.31,23.77,23.30,23.71,5178369,0.176,0.76%,23.2116,122625160.54,25899
2018-07-12,23.28,23.615,23.215,23.53,6345392,0.46,2.04%,23.0354,148982843.26,32399
2018-07-11,23.65,23.71,23.045,23.06,6833518,-0.793,-3.39%,22.5752,158767059.80,32793
2018-07-10,23.36,23.97,23.36,23.87,10481618,0.489,2.14%,23.3682,249462518.88,43904
2018-07-09,23.14,23.44,23.01,23.37,7057142,0.352,1.56%,22.8787,164295918.53,30789
2018-07-06,22.78,23.22,22.60,23.01,5375077,0.255,1.14%,22.5263,123682666.43,27698
2018-07-05,22.82,22.99,22.45,22.75,7158591,0.157,0.71%,22.2718,162523674.84,25872
2018-07-03,22.92,22.9299,22.55,22.59,3619220,-0.264,-1.18%,22.1151,82130648.21,19610
2018-07-02,22.54,22.86,22.38,22.86,5855897,0.166,0.75%,22.3794,132810631.34,28794
2018-06-29,22.80,23.05,22.67,22.69,7585857,0.02,0.09%,22.213,173098439.31,31833
2018-06-28,22.83,22.85,22.345,22.67,9800846,-0.137,-0.61%,22.1934,221088307.34,46767
2018-06-27,22.98,23.17,22.81,22.81,7520608,-0.235,-1.04%,22.3305,172733467.44,36334
2018-06-26,23.13,23.225,22.99,23.05,6863170,-0.039,-0.17%,22.5654,158505796.50,34607
2018-06-25,23.63,23.76,22.94,23.09,8785300,-0.695,-2.98%,22.6046,203490258.00,45446
2018-06-22,23.65,23.8999,23.59,23.80,15110929,0.294,1.28%,23.2997,359533139.93,45173
2018-06-21,23.54,23.62,23.3101,23.50,8911812,0.196,0.86%,23.006,209061297.61,39526
2018-06-20,23.60,23.69,23.30,23.30,6834371,-0.215,-0.94%,22.8102,160032086.77,31233
2018-06-19,23.31,23.565,23.155,23.52,8855493,-0.127,-0.55%,23.0256,207645335.54,39852
2018-06-18,23.37,23.75,23.30,23.65,5554302,0.059,0.25%,23.1528,131326238.64,29022
2018-06-15,23.70,23.70,23.44,23.59,13022832,-0.206,-0.88%,23.0941,307178745.53,39600
2018-06-14,23.63,23.99,23.63,23.80,8242964,0.255,1.10%,23.2997,196825304.80,31627
2018-06-13,23.62,23.75,23.54,23.54,8073220,-0.078,-0.34%,23.0451,190727925.29,31353
2018-06-12,23.99,23.99,23.55,23.62,6088403,-0.245,-1.05%,23.1235,144152926.01,28209
2018-06-11,23.68,24.20,23.65,24.01,9149072,0.292,1.27%,23.3689,219900671.94,39656
2018-06-08,23.40,23.745,23.40,23.71,6778831,0.156,0.68%,23.0769,160264302.26,29678
2018-06-07,23.53,23.70,23.37,23.55,9292377,0.039,0.17%,22.9212,218745295.83,40228
2018-06-06,23.52,23.60,23.18,23.51,10129209,0.088,0.38%,22.8822,237391940.58,41203
2018-06-05,22.84,23.50,22.78,23.42,14277958,0.662,2.99%,22.7946,331486039.49,46725
2018-06-04,22.70,22.83,22.60,22.74,8173542,0.058,0.26%,22.1328,185810307.28,34522
2018-06-01,22.14,22.71,22.11,22.68,9230427,0.633,2.95%,22.0744,208131590.93,43917
2018-05-31,22.11,22.32,21.96,22.03,15182464,-0.127,-0.59%,21.4418,335039586.07,53336
2018-05-30,22.395,22.48,21.04,22.16,18181969,0.837,4.04%,21.5683,399530023.16,82666
2018-05-29,21.739,21.775,21.20,21.30,13558919,-0.594,-2.78%,20.7312,289850272.44,56370
2018-05-25,21.86,21.98,21.80,21.91,7733087,-0.01,-0.05%,21.325,169290382.01,35019
2018-05-24,21.80,21.975,21.44,21.92,8288880,0.019,0.09%,21.3347,180399689.94,33871
2018-05-23,21.87,21.90,21.55,21.90,9861590,-0.165,-0.77%,21.3152,214453262.26,36686
2018-05-22,22.12,22.26,22.01,22.07,8676696,-0.019,-0.09%,21.4807,192013113.31,31928
2018-05-21,22.34,22.34,22.00,22.09,6349838,-0.049,-0.23%,21.5002,140422432.03,27077
2018-05-18,22.30,22.33,22.11,22.14,6295602,-0.156,-0.72%,21.5488,139738075.97,25288
2018-05-17,22.16,22.47,22.12,22.30,7286702,0.068,0.31%,21.7045,162508589.08,27303
2018-05-16,22.06,22.28,21.99,22.23,6158259,0.185,0.86%,21.6364,136732545.09,27865
2018-05-15,22.40,22.41,21.7865,22.04,8544769,-0.516,-2.35%,21.4515,188185301.38,38778
2018-05-14,22.82,23.065,22.52,22.57,7655228,-0.136,-0.62%,21.9673,173908285.13,25840
2018-05-11,22.72,22.84,22.63,22.71,5544361,-0.039,-0.18%,22.1036,125963712.56,18870
2018-05-10,22.67,22.78,22.51,22.75,4950390,0.165,0.75%,22.1425,112328918.31,24757
2018-05-09,22.01,22.62,21.99,22.58,6288543,0.603,2.82%,21.9771,140809476.68,32303
2018-05-08,21.75,21.985,21.65,21.96,6372847,0.165,0.78%,21.3736,139351062.32,30843
2018-05-07,21.71,21.86,21.66,21.79,6851066,0.107,0.51%,21.2082,149069186.75,25133
2018-05-04,21.21,21.775,21.21,21.68,6547696,0.35,1.69%,21.1011,141111694.74,30105
2018-05-03,21.46,21.50,20.96,21.32,5958310,-0.224,-1.07%,20.7507,126423439.45,31691
2018-05-02,21.91,21.91,21.50,21.55,8476372,-0.263,-1.24%,20.9746,183652288.30,40088
2018-05-01,21.45,21.89,21.40,21.82,8273719,0.321,1.54%,21.2374,179018002.95,35263
2018-04-30,21.66,21.86,21.38,21.49,7536560,-0.117,-0.56%,20.9162,162340969.22,26673
2018-04-27,21.52,21.66,21.46,21.61,7237489,0.127,0.61%,21.033,156182682.15,27895
2018-04-26,21.50,21.53,21.33,21.48,5632122,0.165,0.80%,20.9064,120910642.91,26677
2018-04-25,21.17,21.36,21.08,21.31,7258385,0.107,0.52%,20.741,154268117.95,32015
2018-04-24,21.39,21.64,21.03,21.20,7331641,-0.175,-0.84%,20.6339,156002063.34,39813
2018-04-23,21.56,21.645,21.24,21.38,6374502,-0.146,-0.70%,20.8091,136311598.58,21692
2018-04-20,21.66,21.77,21.43,21.53,7425073,-0.127,-0.60%,20.9551,160000173.08,30362
2018-04-19,21.91,21.93,21.485,21.66,7028945,-0.36,-1.68%,21.0816,152073094.77,26160
2018-04-18,22.11,22.14,21.97,22.03,7955017,-0.019,-0.09%,21.4418,175342607.33,27244
2018-04-17,22.09,22.115,21.96,22.05,5719125,0.195,0.92%,21.4612,126038791.64,26330
2018-04-16,21.97,22.03,21.725,21.85,8246452,0.078,0.37%,21.2666,180280057.79,26023
2018-04-13,22.04,22.12,21.645,21.77,5867486,-0.165,-0.77%,21.1887,127871366.31,25908
2018-04-12,21.80,22.10,21.76,21.94,8036320,0.341,1.62%,21.3542,176736790.67,38560
2018-04-11,21.55,21.8268,21.5026,21.59,9736473,-0.156,-0.74%,21.0135,210696905.73,37177
2018-04-10,21.19,21.9151,21.19,21.75,11967201,0.837,4.12%,21.1692,259605460.64,57380
2018-04-09,20.94,21.32,20.755,20.89,8208928,0.107,0.53%,20.3322,172562953.84,40531
2018-04-06,21.28,21.62,20.60,20.78,10557627,-0.749,-3.57%,20.2251,221352242.33,49687
2018-04-05,21.64,21.83,21.50,21.55,7189191,0.01,0.05%,20.9746,155425054.12,27983
2018-04-04,20.87,21.61,20.81,21.54,8208383,0.214,1.03%,20.9648,175416387.02,38950
2018-04-03,21.34,21.56,21.01,21.32,8117006,0.175,0.85%,20.7507,172236146.44,43379
2018-04-02,21.84,21.88,20.92,21.14,10078997,-0.759,-3.56%,20.5755,213861852.98,58615
2018-03-29,21.82,22.08,21.77,21.92,8428236,0.224,1.06%,21.3347,185083405.16,42077
2018-03-28,21.77,21.865,21.4341,21.69,13347810,-0.078,-0.37%,21.1108,289503721.09,62143
2018-03-27,22.23,22.34,21.68,21.77,15088796,-0.419,-1.94%,21.1887,331567721.66,72123
2018-03-26,22.25,22.44,21.92,22.20,9768601,0.341,1.60%,21.6072,216483471.13,48574
2018-03-23,22.51,22.70,21.83,21.85,16835684,-0.603,-2.76%,21.2666,371032817.78,71562
2018-03-22,23.04,23.10,22.43,22.47,13453454,-0.788,-3.48%,21.87,304722266.79,52637
2018-03-21,23.26,23.57,23.18,23.28,6337595,0.00,0.00%,22.6584,148058038.81,35345
2018-03-20,23.25,23.555,23.2201,23.28,8403093,0.078,0.34%,22.6584,196401123.08,40304
2018-03-19,23.45,23.4799,23.01,23.20,9930750,-0.302,-1.32%,22.5805,230345613.23,38104
2018-03-16,23.57,23.82,23.49,23.51,20052941,0.029,0.13%,22.8822,472459301.67,42142
2018-03-15,23.55,23.64,23.37,23.48,10320209,0.00,0.00%,22.853,242477170.21,41144
2018-03-14,23.79,23.81,23.28,23.48,9305427,-0.136,-0.59%,22.853,218177972.65,49731
2018-03-13,23.79,24.01,23.55,23.62,16955596,-0.069,-0.30%,22.9893,402496600.64,60629
2018-03-12,24.69,24.69,23.82,23.83,19626675,-0.793,-3.33%,23.0581,470735142.59,68905
2018-03-09,24.06,24.75,24.00,24.65,12892649,0.677,2.92%,23.8515,315403251.07,57896
2018-03-08,24.15,24.24,23.75,23.95,7113290,-0.087,-0.37%,23.1742,170039555.45,37422
2018-03-07,23.7451,24.14,23.695,24.04,8420580,0.087,0.38%,23.2613,201371543.70,40830
2018-03-06,23.80,24.15,23.72,23.95,9878149,0.252,1.10%,23.1742,236834223.19,47314
2018-03-05,23.46,23.875,23.335,23.69,10034124,0.116,0.51%,22.9226,237559872.46,44328
2018-03-02,23.23,23.63,23.08,23.57,10112562,0.213,0.94%,22.8065,236982682.50,54678
2018-03-01,23.47,23.79,23.02,23.35,12042409,-0.039,-0.17%,22.5937,281530375.95,66478
2018-02-28,23.67,23.90,23.39,23.39,13425902,-0.126,-0.55%,22.6324,316847474.24,53778
2018-02-27,23.37,23.83,23.26,23.52,15105703,0.058,0.26%,22.7581,356416056.25,65533
2018-02-26,22.55,23.55,22.55,23.46,21393908,1.287,6.01%,22.7001,497307317.57,82628
2018-02-23,22.75,23.22,22.00,22.13,22297347,0.716,3.46%,21.4132,501741256.94,89862
2018-02-22,21.26,21.64,21.25,21.39,10726216,0.213,1.04%,20.6971,230215089.99,52242
2018-02-21,21.45,21.735,21.17,21.17,7528242,-0.213,-1.03%,20.4843,161502389.43,35086
2018-02-20,21.27,21.585,21.23,21.39,8085414,-0.01,-0.05%,20.6971,173210703.15,41030
2018-02-16,21.40,21.71,21.3275,21.40,6082225,-0.048,-0.23%,20.7068,130738533.34,27104
2018-02-15,21.48,21.53,20.95,21.45,8133658,0.155,0.75%,20.7552,173532634.54,39582
2018-02-14,20.44,21.35,20.35,21.29,12152356,0.687,3.45%,20.6004,255164270.62,47682
2018-02-13,20.30,20.66,20.30,20.58,11648743,0.164,0.83%,19.9134,239497748.37,34787
2018-02-12,20.29,20.625,20.14,20.41,12507871,0.29,1.49%,19.7489,255391738.87,42831
2018-02-09,20.21,20.31,19.31,20.11,13216377,0.184,0.95%,19.4586,262706551.36,74107
2018-02-08,21.27,21.34,19.91,19.92,16750561,-1.248,-6.08%,19.2748,342007745.07,63412
2018-02-07,21.36,21.525,21.0475,21.21,11838988,-0.213,-1.03%,20.523,252016726.98,46376
2018-02-06,20.65,21.49,20.01,21.43,20439878,0.135,0.66%,20.7358,427302292.55,107086
2018-02-05,22.32,22.56,21.28,21.29,13314217,-1.151,-5.29%,20.6004,290687276.00,69247
2018-02-02,23.08,23.19,22.47,22.48,9163108,-0.793,-3.52%,21.7518,208117585.26,43285
2018-02-01,23.22,23.475,23.14,23.30,7317603,-0.019,-0.09%,22.5453,170723936.83,34126
2018-01-31,23.56,23.74,23.29,23.32,13704678,-0.116,-0.51%,22.5646,320502368.94,39085
2018-01-30,23.64,23.76,23.285,23.44,7973395,-0.358,-1.55%,22.6807,187270506.44,35782
2018-01-29,24.10,24.10,23.71,23.81,7036466,-0.097,-0.42%,23.0388,167741363.05,30053
2018-01-26,23.54,23.92,23.54,23.91,8113265,0.571,2.53%,23.1355,192768239.40,34607
2018-01-25,23.77,23.835,23.30,23.32,7273801,-0.329,-1.44%,22.5646,170484948.07,34840
2018-01-24,23.89,23.998,23.54,23.66,6781488,-0.145,-0.63%,22.8936,160745367.01,30534
2018-01-23,23.43,23.86,23.36,23.81,7840088,-0.039,-0.17%,23.0388,186150878.55,32733
2018-01-22,23.68,23.96,23.53,23.85,9150775,0.145,0.63%,23.0775,218146240.30,34048
2018-01-19,23.43,23.79,23.42,23.70,11551429,0.397,1.76%,22.9323,272874717.39,38049
2018-01-18,23.43,23.57,23.25,23.29,12277345,-0.164,-0.72%,22.5356,287141869.61,45498
2018-01-17,22.70,23.49,22.66,23.46,11151454,0.561,2.53%,22.7001,259341503.90,47272
2018-01-16,23.05,23.11,22.745,22.88,9311601,-0.039,-0.17%,22.1389,213437054.21,42498
2018-01-12,22.48,22.97,22.4535,22.92,8821758,0.493,2.28%,22.1776,201577020.33,38770
2018-01-11,22.08,22.42,22.06,22.41,8356376,0.348,1.63%,21.6841,186600408.06,34804
2018-01-10,21.68,22.14,21.68,22.05,8443302,0.232,1.10%,21.3358,185664791.44,32374
2018-01-09,21.79,21.95,21.721,21.81,7859468,-0.029,-0.14%,21.1035,171443133.98,32005
2018-01-08,21.78,21.88,21.59,21.84,5769556,0.087,0.41%,21.1326,125679490.34,25344
2018-01-05,21.61,21.77,21.2899,21.75,6750728,0.213,1.02%,21.0455,146268057.33,27539
2018-01-04,21.40,21.64,21.33,21.53,7653851,0.155,0.75%,20.8326,164817223.78,31237
2018-01-03,21.31,21.50,21.24,21.37,5957671,0.048,0.23%,20.6778,127399051.14,25240
2018-01-02,21.18,21.33,21.00,21.32,6457331,0.30,1.48%,20.6294,137213259.95,26342
2017-12-29,21.17,21.275,21.01,21.01,5204330,-0.135,-0.66%,20.3294,109802692.59,19272
2017-12-28,21.22,21.30,21.07,21.15,5214119,-0.116,-0.56%,20.4649,110324605.38,20421
2017-12-27,21.15,21.29,21.10,21.27,7605360,0.039,0.19%,20.581,161357530.92,25953
2017-12-26,21.13,21.305,21.13,21.23,3014812,-0.029,-0.14%,20.5423,64024697.19,14495
2017-12-22,21.28,21.3388,21.145,21.26,4099972,0.01,0.05%,20.5714,87145446.06,18730
2017-12-21,21.51,21.575,21.23,21.25,8742419,-0.203,-0.98%,20.5617,186552791.75,28024
2017-12-20,21.47,21.60,21.29,21.46,7347348,0.039,0.19%,20.7649,157685197.27,32781
2017-12-19,21.33,21.62,21.24,21.42,9773064,0.126,0.61%,20.7262,209723034.11,38750
2017-12-18,21.06,21.34,20.99,21.29,12155742,0.358,1.77%,20.6004,257984971.34,38395
2017-12-15,20.76,21.00,20.66,20.92,19023013,0.174,0.87%,20.2424,397876113.75,38614
2017-12-14,20.86,20.895,20.725,20.74,8160985,-0.106,-0.53%,20.0682,169630284.29,34753
2017-12-13,20.94,20.98,20.76,20.85,9156695,-0.126,-0.62%,20.1746,191297954.32,34510
2017-12-12,21.10,21.20,20.87,20.98,7174807,-0.175,-0.85%,20.3004,150631837.13,33031
2017-12-11,20.97,21.36,20.93,21.30,7730577,0.221,1.09%,20.4753,164216472.70,35591
2017-12-08,21.05,21.12,20.855,21.07,13821971,0.096,0.48%,20.2542,289928267.68,37513
2017-12-07,21.04,21.14,20.92,20.97,8450918,-0.048,-0.24%,20.158,177441204.05,30709
2017-12-06,21.08,21.15,20.88,21.02,10032072,-0.048,-0.24%,20.2061,210504431.46,29005
2017-12-05,21.18,21.25,21.02,21.07,9209152,-0.01,-0.05%,20.2542,194339141.47,31429
2017-12-04,21.46,21.73,21.04,21.08,12975547,-0.317,-1.54%,20.2638,274951075.37,49026
2017-12-01,21.38,21.59,20.965,21.41,9909907,-0.038,-0.19%,20.581,211583431.57,46917
2017-11-30,21.49,21.775,21.31,21.45,13922768,0.019,0.09%,20.6195,299458008.68,44996
2017-11-29,21.74,21.97,21.35,21.43,12113450,-0.221,-1.06%,20.6002,261031001.83,53108
2017-11-28,21.27,21.68,21.15,21.66,10376726,0.394,1.93%,20.8213,223446637.85,36494
2017-11-27,21.17,21.33,20.955,21.25,15350089,0.01,0.05%,20.4272,325416591.02,41439
2017-11-24,21.44,21.52,20.99,21.24,9657949,-0.096,-0.47%,20.4176,204347540.07,38439
2017-11-22,21.00,21.53,20.59,21.34,28424717,-1.077,-4.99%,20.5137,600143642.17,120232
2017-11-21,22.34,22.68,22.30,22.46,17552913,0.327,1.54%,21.5904,394835962.24,65214
2017-11-20,21.81,22.275,21.77,22.12,11871818,0.356,1.70%,21.2635,262530569.63,41396
2017-11-17,21.51,21.87,21.4502,21.75,10639895,0.173,0.83%,20.9078,231250318.78,39212
2017-11-16,21.43,21.75,21.41,21.57,9562176,0.202,0.98%,20.7348,206692993.89,33601
2017-11-15,21.31,21.53,21.24,21.36,12655183,0.00,0.00%,20.5329,270925473.32,42312
2017-11-14,21.10,21.445,20.99,21.36,11628055,0.183,0.90%,20.5329,247900725.50,38427
2017-11-13,21.23,21.33,21.15,21.17,4921924,-0.058,-0.28%,20.3503,104405545.03,22567
2017-11-10,21.25,21.31,21.14,21.23,6276650,-0.106,-0.52%,20.408,133334599.78,25421
2017-11-09,21.27,21.40,21.15,21.34,5844795,-0.077,-0.37%,20.5137,124583921.24,31045
2017-11-08,21.34,21.47,21.24,21.42,6061868,0.038,0.19%,20.5906,129725690.71,28163
2017-11-07,21.47,21.47,21.32,21.38,6245536,-0.058,-0.28%,20.5522,133582765.40,27999
2017-11-06,21.47,21.53,21.38,21.44,13309582,-0.029,-0.14%,20.6098,285847057.67,27543
2017-11-03,21.50,21.55,21.33,21.47,7709902,0.029,0.14%,20.6387,165534070.82,32379
2017-11-02,21.38,21.56,21.07,21.44,14764943,-0.029,-0.14%,20.6098,316394316.61,40899
2017-11-01,21.60,21.64,21.39,21.47,8813665,-0.077,-0.37%,20.6387,189466281.24,33573
2017-10-31,21.43,21.705,21.43,21.55,9732527,0.154,0.75%,20.7156,210195409.98,38334
2017-10-30,21.47,21.53,21.32,21.39,7459770,-0.106,-0.51%,20.5618,159713713.00,35038
2017-10-27,21.61,21.66,21.32,21.50,20420567,-0.019,-0.09%,20.6675,438862836.66,56972
2017-10-26,21.78,21.91,21.47,21.52,17010037,-0.154,-0.74%,20.6867,367506765.29,45853
2017-10-25,21.87,21.935,21.65,21.68,10828519,-0.26,-1.23%,20.8406,235517234.61,40998
2017-10-24,22.11,22.21,21.935,21.95,8225955,-0.163,-0.77%,21.1001,181342782.04,31024
2017-10-23,22.15,22.3059,22.10,22.12,8678423,0.096,0.45%,21.2635,192650533.10,36618
2017-10-20,22.03,22.16,21.895,22.02,8621009,0.058,0.27%,21.1674,190141232.99,35484
2017-10-19,21.64,21.97,21.51,21.96,10247749,0.231,1.10%,21.1097,223373279.77,39651
2017-10-18,21.74,22.08,21.67,21.72,7610570,0.163,0.79%,20.879,165934467.79,29540
2017-10-17,21.77,21.85,21.46,21.55,7137030,-0.231,-1.10%,20.7156,154053599.03,33419
2017-10-16,21.77,21.87,21.68,21.79,9645875,0.077,0.37%,20.9463,210109381.60,45985
2017-10-13,20.95,22.00,20.945,21.71,27016737,1.259,6.42%,20.8694,586488890.72,98261
2017-10-12,20.35,20.47,20.25,20.40,9084871,-0.01,-0.05%,19.6101,185085304.67,34472
2017-10-11,20.57,20.72,20.29,20.41,8402020,-0.154,-0.78%,19.6197,171686187.71,37734
2017-10-10,20.6165,20.6165,20.4195,20.57,6676468,0.00,0.00%,19.7735,137075953.21,31025
2017-10-09,20.64,20.73,20.55,20.57,5614559,-0.01,-0.05%,19.7735,115841641.83,26950
2017-10-06,20.20,20.61,20.20,20.58,10614209,0.221,1.13%,19.7831,217385708.50,39353
2017-10-05,20.17,20.42,20.17,20.35,11265286,0.087,0.44%,19.562,228795739.40,33689
2017-10-04,20.06,20.34,20.03,20.26,7003391,0.163,0.85%,19.4755,141815082.01,30618
2017-10-03,20.05,20.21,20.02,20.09,6592771,-0.029,-0.15%,19.3121,132485616.39,31011
2017-10-02,19.94,20.23,19.94,20.12,8307946,0.154,0.80%,19.341,167267357.85,35263
2017-09-29,20.00,20.11,19.94,19.96,6704565,-0.01,-0.05%,19.1871,134149234.15,22900
2017-09-28,19.87,20.04,19.87,19.97,8095156,0.096,0.50%,19.1968,161568255.78,31571
2017-09-27,19.89,20.025,19.76,19.87,11022884,-0.01,-0.05%,19.1006,219194942.50,31022
2017-09-26,19.77,20.125,19.77,19.88,16565020,0.029,0.15%,19.1102,330198859.30,44402
2017-09-25,19.84,19.97,19.6833,19.85,9338989,-0.087,-0.45%,19.0814,185182700.81,35004
2017-09-22,19.68,19.95,19.65,19.94,6778176,0.163,0.86%,19.1679,134567589.04,28592
2017-09-21,19.55,19.78,19.536,19.77,7539375,0.163,0.87%,19.0045,148499495.71,28331
2017-09-20,19.48,19.60,19.42,19.60,7007734,0.106,0.56%,18.8411,136922502.85,28030
2017-09-19,19.61,19.62,19.35,19.49,5527704,-0.096,-0.51%,18.7353,107792356.17,23166
2017-09-18,19.52,19.71,19.43,19.59,6414807,0.115,0.62%,18.8315,125666460.43,24719
2017-09-15,19.45,19.55,19.32,19.47,12790686,0.01,0.05%,18.7161,248917826.29,32022
2017-09-14,19.20,19.49,19.12,19.46,9665604,0.173,0.93%,18.7065,187480927.43,34901
2017-09-13,19.37,19.37,19.10,19.28,7964967,-0.192,-1.03%,18.5335,153103782.45,31873
2017-09-12,19.29,19.50,19.26,19.48,7431443,0.281,1.53%,18.7257,144213609.34,32707
2017-09-11,19.263,19.40,19.225,19.32,7335345,0.191,1.05%,18.4444,141737093.73,32828
2017-09-08,19.23,19.26,19.08,19.12,6496651,-0.153,-0.83%,18.2534,124360296.72,27656
2017-09-07,19.35,19.375,19.20,19.28,5716448,-0.086,-0.46%,18.4062,110262216.01,29018
2017-09-06,19.34,19.475,19.27,19.37,11645066,0.124,0.68%,18.4921,225693257.05,33582
2017-09-05,19.28,19.34,19.10,19.24,12217322,-0.115,-0.62%,18.368,234976633.67,38276
2017-09-01,19.08,19.49,19.07,19.36,7550930,0.267,1.47%,18.4825,146251675.24,35917
2017-08-31,19.26,19.30,19.01,19.08,10435388,-0.086,-0.47%,18.2152,199444881.76,44589
2017-08-30,19.20,19.25,19.06,19.17,7960241,-0.038,-0.21%,18.3012,152511562.80,33845
2017-08-29,19.04,19.25,18.96,19.21,9552919,0.029,0.16%,18.3393,182964659.82,38969
2017-08-28,19.35,19.50,19.08,19.18,13043958,-0.124,-0.67%,18.3107,250581985.63,39215
2017-08-25,19.54,19.64,19.31,19.31,13592877,-0.095,-0.52%,18.4348,263880002.82,55156
2017-08-24,18.83,19.78,18.83,19.41,27375516,0.525,2.92%,18.5303,532226952.67,108114
2017-08-23,19.04,19.05,18.80,18.86,15066906,-0.153,-0.84%,18.0052,284808021.56,44172
2017-08-22,18.63,19.095,18.59,19.02,8431970,0.43,2.42%,18.158,159876365.56,36201
2017-08-21,18.48,18.66,18.405,18.57,6919149,0.057,0.32%,17.7284,128418741.20,31450
2017-08-18,18.60,18.65,18.36,18.51,11687271,-0.124,-0.70%,17.6711,216451274.24,45392
2017-08-17,18.88,19.08,18.63,18.64,9282794,-0.315,-1.74%,17.7952,174316130.24,42874
2017-08-16,18.98,19.065,18.87,18.97,9583136,-0.067,-0.37%,18.1102,181727815.83,42880
2017-08-15,19.01,19.12,18.86,19.04,9245951,-0.057,-0.31%,18.1771,175927120.00,42223
2017-08-14,19.07,19.20,19.02,19.10,7615826,0.191,1.06%,18.2343,145490607.47,34782
2017-08-11,18.94,19.10,18.85,18.90,6609939,0.00,0.00%,18.0434,125221824.14,31562
2017-08-10,19.22,19.27,18.88,18.90,13284580,-0.401,-2.17%,18.0434,252643578.52,46999
2017-08-09,19.22,19.34,19.09,19.32,7843810,0.00,0.00%,18.4444,150886580.40,31168
2017-08-08,19.30,19.48,19.20,19.32,11560509,0.00,0.00%,18.4444,223293462.51,40557
2017-08-07,19.37,19.40,19.25,19.32,9191767,-0.048,-0.26%,18.4444,177512819.84,29592
2017-08-04,19.33,19.58,19.27,19.37,9123018,0.01,0.05%,18.4921,176934730.46,33506
2017-08-03,19.10,19.36,19.00,19.36,14994479,0.248,1.36%,18.4825,288644800.35,41064
2017-08-02,19.19,19.21,18.87,19.10,10780658,0.00,0.00%,18.2343,205028882.47,36052
2017-08-01,19.19,19.21,18.87,19.10,10779771,0.00,0.00%,18.2343,205012013.31,36050
2017-07-31,19.20,19.32,19.045,19.10,12771589,-0.067,-0.37%,18.2343,244242322.67,29496
2017-07-28,19.09,19.21,18.82,19.17,5898307,-0.038,-0.21%,18.3012,112784601.16,27935
2017-07-27,19.33,19.45,18.82,19.21,14731886,-0.048,-0.26%,18.3393,282093401.22,44257
2017-07-26,19.44,19.47,19.18,19.26,8027772,-0.143,-0.77%,18.3871,154788216.35,34380
2017-07-25,19.27,19.58,19.105,19.41,9266648,0.162,0.88%,18.5303,180096460.62,36788
2017-07-24,19.12,19.39,19.10,19.24,8144841,0.086,0.47%,18.368,156868839.47,33725
2017-07-21,18.94,19.235,18.845,19.15,9235767,0.20,1.11%,18.2821,176415017.66,36587
2017-07-20,18.94,19.06,18.75,18.94,11180816,0.229,1.28%,18.0816,211618465.87,38536
2017-07-19,18.42,18.70,18.36,18.70,10808649,0.296,1.69%,17.8525,200410359.67,36091
2017-07-18,18.45,18.505,18.27,18.39,5426139,-0.076,-0.43%,17.5565,99944330.97,21933
2017-07-17,18.42,18.50,18.25,18.47,9070801,0.048,0.27%,17.6329,167018853.72,33072
2017-07-14,18.09,18.49,18.09,18.42,8174808,0.325,1.88%,17.5852,150023749.42,29743
2017-07-13,18.02,18.16,17.95,18.08,9397027,0.038,0.22%,17.2606,169796628.71,31263
2017-07-12,18.08,18.2259,17.875,18.04,10146043,0.095,0.56%,17.2224,182870178.80,35980
2017-07-11,17.83,18.12,17.78,17.94,12040550,0.067,0.39%,17.1269,216502791.15,45643
2017-07-10,17.53,17.89,17.45,17.87,9820057,0.496,3.00%,17.0601,174176033.48,35016
2017-07-07,17.25,17.38,17.165,17.35,8241012,0.153,0.93%,16.5636,142513460.48,33831
2017-07-06,17.58,17.62,17.10,17.19,11986446,-0.439,-2.61%,16.4109,206579109.05,42592
2017-07-05,17.57,17.72,17.46,17.65,13992329,0.086,0.51%,16.85,246518335.51,36781
2017-07-03,17.59,17.745,17.54,17.56,4312603,0.076,0.46%,16.7641,76022996.94,17472
2017-06-30,17.66,17.71,17.45,17.48,8935331,-0.086,-0.51%,16.6878,156678437.84,32019
2017-06-29,17.92,17.99,17.425,17.57,9018290,-0.439,-2.55%,16.7737,158903848.00,38311
2017-06-28,17.88,18.11,17.79,18.03,6161108,0.248,1.46%,17.2128,110797065.82,29587
2017-06-27,18.10,18.18,17.77,17.77,8303899,-0.372,-2.15%,16.9646,149060343.06,36250
2017-06-26,17.89,18.245,17.89,18.16,14175294,0.344,2.02%,17.3369,257112092.11,52037
2017-06-23,17.71,17.87,17.56,17.80,14051542,0.086,0.51%,16.9933,249520664.56,38686
2017-06-22,17.69,17.79,17.585,17.71,11064581,0.00,0.00%,16.9073,195862999.95,37886
2017-06-21,17.83,17.84,17.54,17.71,14704835,-0.115,-0.67%,16.9073,260390659.54,52550
2017-06-20,17.68,17.96,17.64,17.83,16282808,0.134,0.79%,17.0219,290356465.14,61643
2017-06-19,17.42,17.75,17.39,17.69,10306329,0.325,1.96%,16.8882,181734106.76,39569
2017-06-16,17.24,17.45,17.14,17.35,14634825,0.076,0.46%,16.5636,253508302.24,43748
2017-06-15,17.28,17.39,17.16,17.27,8765889,-0.124,-0.75%,16.4873,151359009.97,37522
2017-06-14,17.67,17.75,17.28,17.40,8743126,-0.325,-1.92%,16.6114,152689952.46,34856
2017-06-13,17.82,17.94,17.68,17.74,9036409,-0.019,-0.11%,16.936,160569216.62,39087
2017-06-12,17.61,17.86,17.43,17.76,12527594,0.088,0.52%,16.9551,221499963.58,52553
2017-06-09,18.29,18.33,17.60,17.80,16228672,-0.455,-2.63%,16.8666,291436260.70,59741
2017-06-08,18.27,18.31,18.10,18.28,12264835,0.038,0.22%,17.3214,223652945.68,36730
2017-06-07,18.35,18.42,18.15,18.24,12448834,-0.019,-0.11%,17.2835,227597637.58,44673
2017-06-06,18.79,18.80,18.235,18.26,22009847,-0.512,-2.87%,17.3024,404840783.99,49326
2017-06-05,18.94,18.96,18.73,18.80,8274463,-0.171,-0.95%,17.8141,155557397.24,29604
2017-06-02,18.97,19.16,18.93,18.98,9262101,0.028,0.16%,17.9847,176107041.34,32480
2017-06-01,18.74,18.95,18.59,18.95,8340319,0.18,1.01%,17.9563,157295263.70,30214
2017-05-31,18.95,18.98,18.72,18.76,12234110,-0.171,-0.95%,17.7762,230066879.53,36549
2017-05-30,18.43,19.03,18.42,18.94,16424279,0.445,2.54%,17.9468,310492470.29,44935
2017-05-26,18.27,18.54,18.21,18.47,14525992,0.095,0.54%,17.5014,267286183.99,49421
2017-05-25,19.57,19.58,18.26,18.37,21296476,-0.606,-3.37%,17.4067,394953284.54,80791
2017-05-24,19.02,19.19,18.905,19.01,13476226,0.047,0.26%,18.0131,256677485.52,52138
2017-05-23,19.14,19.14,18.81,18.96,7834752,-0.142,-0.78%,17.9657,148486672.18,33102
2017-05-22,19.08,19.15,18.86,19.11,9759393,0.104,0.58%,18.1079,185500501.08,34642
2017-05-19,18.86,19.08,18.81,19.00,8049898,0.208,1.17%,18.0036,152548360.41,38679
2017-05-18,18.87,18.885,18.65,18.78,14280948,-0.171,-0.95%,17.7952,268183736.17,53205
2017-05-17,19.32,19.415,18.94,18.96,11096490,-0.483,-2.62%,17.9657,212287382.95,44183
2017-05-16,19.42,19.485,19.23,19.47,7350382,0.104,0.57%,18.449,142527295.51,30662
2017-05-15,19.35,19.415,19.31,19.36,7176577,0.057,0.31%,18.3448,139006779.97,27680
2017-05-12,19.25,19.42,19.13,19.30,6417197,0.038,0.21%,18.2879,123880439.38,26193
2017-05-11,19.31,19.345,19.17,19.26,8233419,-0.095,-0.52%,18.25,158563596.21,29705
2017-05-10,19.25,19.37,19.16,19.36,7252434,0.114,0.62%,18.3448,139812255.85,26537
2017-05-09,19.34,19.34,19.17,19.24,6673609,-0.066,-0.36%,18.2311,128365701.23,25058
2017-05-08,18.91,19.39,18.89,19.31,10053269,0.379,2.12%,18.2974,193096244.14,39024
2017-05-05,18.83,18.92,18.71,18.91,11898040,0.114,0.64%,17.9184,224125235.57,44777
2017-05-04,18.84,18.88,18.69,18.79,7204792,-0.019,-0.11%,17.8046,135256309.51,33874
2017-05-03,18.84,18.91,18.74,18.81,6996238,-0.085,-0.48%,17.8236,131683219.62,28210
2017-05-02,18.99,19.03,18.81,18.90,11526647,-0.028,-0.16%,17.9089,218046688.11,39001
2017-05-01,18.85,19.00,18.80,18.93,7958624,0.104,0.58%,17.9373,150623453.44,31583
2017-04-28,18.74,18.83,18.525,18.82,7956877,0.047,0.27%,17.8331,148987254.37,31596
2017-04-27,18.70,18.83,18.635,18.77,9193686,0.133,0.75%,17.7857,172420271.95,30897
2017-04-26,18.50,18.735,18.42,18.63,7950652,0.019,0.11%,17.653,148201290.22,31605
2017-04-25,18.57,18.71,18.49,18.61,10425760,0.066,0.38%,17.6341,193970107.54,27497
2017-04-24,18.52,18.60,18.36,18.54,8054640,0.237,1.37%,17.5678,148918888.23,31706
2017-04-21,18.51,18.52,18.265,18.29,9953227,-0.218,-1.24%,17.3309,182523262.10,31929
2017-04-20,18.44,18.565,18.29,18.52,6786300,0.133,0.76%,17.5488,125388659.94,30668
2017-04-19,18.42,18.61,18.30,18.38,12351959,0.152,0.88%,17.4161,227477703.68,39809
2017-04-18,18.21,18.3601,18.08,18.22,10177098,0.019,0.11%,17.2645,185453908.59,39223
2017-04-17,18.17,18.32,18.07,18.20,8213848,0.00,0.00%,17.2456,149186478.45,35098
2017-04-13,17.99,18.35,17.94,18.20,12854122,0.171,1.00%,17.2456,234039523.90,51710
2017-04-12,18.37,18.37,17.85,18.02,19363874,0.455,2.74%,17.075,348880234.60,69965
2017-04-11,17.40,17.55,17.29,17.54,14400769,0.171,1.04%,16.6202,251069573.50,51484
2017-04-10,17.40,17.54,17.291,17.36,6694136,-0.009,-0.06%,16.4496,116417491.58,26284
2017-04-07,17.54,17.63,17.28,17.37,13464895,-0.18,-1.08%,16.4591,234071809.20,41674
2017-04-06,17.69,17.72,17.43,17.56,8368740,-0.123,-0.73%,16.6392,146690597.11,35301
2017-04-05,17.80,17.94,17.60,17.69,10310708,-0.028,-0.17%,16.7623,183277763.22,35823
2017-04-04,17.52,17.74,17.50,17.72,6781165,0.123,0.74%,16.7908,119861743.25,24527
2017-04-03,17.93,17.95,17.43,17.59,10538321,-0.275,-1.62%,16.6676,185356610.09,48938
2017-03-31,17.61,17.96,17.56,17.88,19240579,0.218,1.30%,16.9424,343795283.31,62765
2017-03-30,17.25,17.69,17.22,17.65,10806000,0.37,2.26%,16.7244,189592923.32,39854
2017-03-29,17.20,17.38,17.17,17.26,5477399,0.00,0.00%,16.3549,94716361.15,25308
2017-03-28,17.23,17.41,17.20,17.26,8741713,0.057,0.35%,16.3549,151084913.99,38161
2017-03-27,17.09,17.31,17.03,17.20,5698091,-0.028,-0.17%,16.298,97910930.14,26303
2017-03-24,17.28,17.40,17.13,17.23,6633818,0.019,0.12%,16.3265,114571052.03,30541
2017-03-23,17.23,17.38,17.14,17.21,9157123,-0.019,-0.12%,16.3075,157882389.69,38450
2017-03-22,17.22,17.30,17.10,17.23,10654578,0.076,0.47%,16.3265,183277685.44,42402
2017-03-21,17.62,17.69,17.15,17.15,11252314,-0.388,-2.33%,16.2507,194500770.92,44114
2017-03-20,17.57,17.68,17.52,17.56,8847764,0.00,0.00%,16.6392,155629452.50,24090
2017-03-17,17.65,17.70,17.56,17.56,14282500,-0.085,-0.51%,16.6392,251467235.71,31838
2017-03-16,17.60,17.71,17.48,17.65,9143985,0.076,0.46%,16.7244,161076251.81,40038
2017-03-15,17.44,17.65,17.28,17.57,13418063,0.095,0.57%,16.6486,234167983.22,45326
2017-03-14,17.46,17.58,17.41,17.47,6334411,-0.019,-0.11%,16.5539,110725827.33,29679
2017-03-13,17.41,17.49,17.35,17.49,6966599,0.095,0.58%,16.5728,121495027.35,28368
2017-03-10,17.25,17.60,17.25,17.39,7840676,0.028,0.17%,16.4781,136525010.30,33504
2017-03-09,17.25,17.415,17.175,17.36,8505402,0.038,0.23%,16.4496,147386998.28,36245
2017-03-08,17.30,17.40,17.22,17.32,6745671,0.047,0.29%,16.4117,116671931.63,30892
2017-03-07,17.27,17.42,17.05,17.27,11527985,-0.028,-0.17%,16.3644,199532566.44,41852
2017-03-06,17.44,17.44,17.13,17.30,11163064,0.078,0.48%,16.3928,192926323.36,40744
2017-03-03,17.30,17.40,17.12,17.35,17289361,0.028,0.17%,16.3144,298654122.43,47314
2017-03-02,17.66,17.69,17.31,17.32,12229182,-0.282,-1.70%,16.2862,213182219.07,43784
2017-03-01,17.65,17.71,17.45,17.62,9818715,0.235,1.44%,16.5683,173041223.50,40303
2017-02-28,17.64,17.6699,17.37,17.37,13940117,-0.263,-1.59%,16.3332,243231636.19,42202
2017-02-27,17.65,17.81,17.48,17.65,12287497,0.00,0.00%,16.5965,216479696.80,43771
2017-02-24,17.34,17.68,17.31,17.65,19816072,0.047,0.28%,16.5965,347944721.04,68591
2017-02-23,16.51,17.80,16.48,17.60,37118842,1.316,8.64%,16.5495,647695656.82,112898
2017-02-22,16.09,16.24,16.09,16.20,16654221,0.066,0.43%,15.2331,269407805.41,48870
2017-02-21,15.93,16.22,15.93,16.13,17318051,0.169,1.13%,15.1672,278794990.38,49552
2017-02-17,15.88,15.95,15.72,15.95,17366721,0.028,0.19%,14.998,275237311.37,34843
2017-02-16,15.99,16.03,15.89,15.92,12560613,-0.056,-0.38%,14.9698,200322974.11,34437
2017-02-15,16.04,16.14,15.89,15.98,14448341,-0.075,-0.50%,15.0262,231072433.20,43073
2017-02-14,15.96,16.41,15.95,16.06,17086210,0.019,0.12%,15.1014,275248112.96,51747
2017-02-13,15.75,16.11,15.70,16.04,16142564,0.301,2.04%,15.0826,258221764.65,42175
2017-02-10,15.65,15.74,15.55,15.72,10006365,0.075,0.51%,14.7817,156907778.27,26768
2017-02-09,15.51,15.77,15.45,15.64,7709448,0.122,0.84%,14.7065,120702756.75,28066
2017-02-08,15.41,15.64,15.39,15.51,13204263,0.075,0.52%,14.5843,205144400.93,49551
2017-02-07,15.26,15.44,15.16,15.43,12330319,0.16,1.11%,14.509,188889846.01,41361
2017-02-06,15.17,15.30,15.09,15.26,7975431,-0.009,-0.07%,14.3492,121204778.27,27294
2017-02-03,15.22,15.32,15.12,15.27,11659495,0.056,0.39%,14.3586,177320200.03,39359
2017-02-02,14.89,15.22,14.87,15.21,15599575,0.207,1.47%,14.3022,235686693.67,41074
2017-02-01,15.12,15.16,14.84,14.99,12433763,-0.056,-0.40%,14.0953,186389368.69,42409
2017-01-31,14.77,15.11,14.57,15.05,14889607,0.197,1.42%,14.1517,221950259.11,46834
2017-01-30,14.83,14.85,14.62,14.84,11239675,0.038,0.27%,13.9542,165839606.28,35723
2017-01-27,14.83,15.11,14.78,14.80,14921530,0.009,0.07%,13.9166,222786291.62,37730
2017-01-26,15.22,15.31,14.77,14.79,14419181,-0.376,-2.63%,13.9072,215387727.40,42206
2017-01-25,15.26,15.35,15.12,15.19,16223333,0.019,0.13%,14.2834,246825114.05,40367
2017-01-24,14.70,15.245,14.67,15.17,12369680,0.47,3.41%,14.2645,187347672.66,42697
2017-01-23,14.71,14.725,14.41,14.67,15250469,-0.056,-0.41%,13.7944,222622823.60,46804
2017-01-20,14.96,14.9857,14.60,14.73,14687037,-0.122,-0.87%,13.8508,216733315.11,50364
2017-01-19,14.81,15.02,14.75,14.86,15081845,0.263,1.92%,13.9731,224494906.75,49684
2017-01-18,14.61,14.7027,14.50,14.58,13664983,0.00,0.00%,13.7098,199241710.70,44116
2017-01-17,14.68,14.89,14.56,14.58,11976835,-0.179,-1.29%,13.7098,176018717.33,40462
2017-01-13,14.79,14.94,14.69,14.77,9336199,-0.019,-0.14%,13.8884,138120867.02,30500
2017-01-12,14.89,14.96,14.555,14.79,11507926,-0.141,-1.00%,13.9072,169202796.69,39258
2017-01-11,14.71,14.97,14.62,14.94,15009251,0.235,1.70%,14.0483,222153725.16,46835
2017-01-10,14.65,14.97,14.40,14.69,15888327,0.009,0.07%,13.8132,233676806.71,59971
2017-01-09,14.98,15.09,14.67,14.68,12909046,-0.301,-2.13%,13.8038,191209189.53,40893
2017-01-06,15.15,15.16,14.97,15.00,7494227,-0.066,-0.46%,14.1047,112600288.54,30097
2017-01-05,15.10,15.16,14.90,15.07,13221052,-0.009,-0.07%,14.1705,199018452.47,47535
2017-01-04,14.92,15.21,14.85,15.08,9127833,0.216,1.55%,14.1799,137750893.54,38478
2017-01-03,14.95,15.14,14.62,14.85,12502230,0.009,0.07%,13.9636,185400119.48,47513
2016-12-30,15.00,15.10,14.77,14.84,9187092,-0.094,-0.67%,13.9542,137072432.41,29919
2016-12-29,14.928,15.04,14.87,14.94,4904892,0.00,0.00%,14.0483,73289941.01,20754
2016-12-28,15.18,15.31,14.93,14.94,5175054,-0.254,-1.78%,14.0483,77754580.87,20920
2016-12-27,15.14,15.24,15.13,15.21,4408665,0.103,0.73%,14.3022,66989774.89,18924
2016-12-23,15.1101,15.18,15.02,15.10,6305578,-0.038,-0.26%,14.1987,95146922.06,22954
2016-12-22,15.22,15.27,14.94,15.14,7591734,0.00,0.00%,14.2363,114685827.86,27977
2016-12-21,15.09,15.36,15.09,15.14,8133135,0.056,0.40%,14.2363,123651369.72,28718
2016-12-20,15.16,15.22,15.00,15.08,12148600,-0.038,-0.26%,14.1799,183242885.71,35495
2016-12-19,15.03,15.16,14.91,15.12,10344097,0.066,0.47%,14.2175,155570874.36,39493
2016-12-16,15.47,15.54,15.05,15.05,19766495,-0.433,-2.97%,14.1517,300485236.30,43901
2016-12-15,15.54,15.65,15.40,15.51,10122248,-0.094,-0.64%,14.5843,156945677.93,39506
2016-12-14,15.77,15.90,15.53,15.61,10637790,-0.197,-1.33%,14.6783,167164146.86,44640
2016-12-13,15.71,15.95,15.69,15.82,10979391,-0.009,-0.06%,14.8758,173812762.63,39694
2016-12-12,15.41,15.84,15.41,15.83,12704732,0.172,1.17%,14.8852,199625617.09,45780
2016-12-09,16.08,16.1501,15.74,15.78,9865108,-0.354,-2.35%,14.7134,156562036.06,39067
2016-12-08,16.14,16.25,16.10,16.16,9581858,0.009,0.06%,15.0677,154952278.84,40678
2016-12-07,15.62,16.17,15.595,16.15,11679164,0.513,3.53%,15.0584,186640597.14,38677
2016-12-06,15.51,15.64,15.46,15.60,6886901,0.047,0.32%,14.5455,107280349.10,30490
2016-12-05,15.26,15.55,15.255,15.55,11538522,0.401,2.84%,14.4989,178549581.75,43021
2016-12-02,15.03,15.30,15.02,15.12,8377096,0.056,0.40%,14.098,126888928.63,33184
2016-12-01,15.41,15.48,15.02,15.06,12821748,-0.317,-2.21%,14.042,194595297.57,51474
2016-11-30,15.17,15.53,15.105,15.40,15933281,0.233,1.65%,14.359,245269550.60,42526
2016-11-29,15.06,15.32,15.03,15.15,9762866,0.065,0.46%,14.1259,148270715.67,34999
2016-11-28,15.06,15.20,15.00,15.08,12791803,-0.093,-0.66%,14.0607,193127264.66,39385
2016-11-25,14.84,15.235,14.83,15.18,8875184,0.289,2.08%,14.1539,133504147.68,26570
2016-11-23,15.35,15.72,14.78,14.87,23440339,-1.007,-6.77%,13.8649,353476725.75,83878
2016-11-22,16.06,16.19,15.90,15.95,19634533,-0.047,-0.31%,14.8719,314137900.27,62761
2016-11-21,15.94,16.07,15.93,16.00,10618264,0.121,0.82%,14.9185,169949488.30,39693
2016-11-18,15.88,15.96,15.805,15.87,10878170,-0.019,-0.13%,14.7973,172792496.47,28902
2016-11-17,15.86,15.96,15.82,15.89,9623313,0.084,0.57%,14.8159,152780900.86,35447
2016-11-16,15.86,15.90,15.72,15.80,10164148,-0.065,-0.44%,14.732,160627639.12,39257
2016-11-15,15.96,16.07,15.82,15.87,14279443,-0.214,-1.43%,14.7973,227032491.24,54184
2016-11-14,15.85,16.19,15.80,16.10,14528223,0.261,1.77%,15.0117,233091158.49,58967
2016-11-11,15.40,15.83,15.36,15.82,10306751,0.308,2.13%,14.7507,161569968.55,42732
2016-11-10,15.62,15.90,15.44,15.49,16182124,-0.075,-0.51%,14.443,252811009.21,69170
2016-11-09,15.07,15.71,14.99,15.57,16866869,0.27,1.90%,14.5176,260738990.73,72799
2016-11-08,15.03,15.32,14.8735,15.28,11642128,0.214,1.53%,14.2472,176793676.90,41623
2016-11-07,14.90,15.145,14.89,15.05,9780786,0.317,2.31%,14.0327,147157686.25,35688
2016-11-04,14.50,14.93,14.43,14.71,11832488,0.159,1.17%,13.7157,174280538.26,47257
2016-11-03,14.67,14.88,14.51,14.54,10558862,-0.103,-0.75%,13.5572,154822861.85,44589
2016-11-02,14.28,14.83,14.28,14.65,22284959,0.28,2.09%,13.6597,327054125.14,67733
2016-11-01,14.51,14.5555,14.12,14.35,25361506,-0.131,-0.97%,13.38,364324627.68,74229
2016-10-31,14.13,14.49,14.03,14.49,16364161,0.373,2.84%,13.5106,235082038.57,41808
2016-10-28,13.94,14.19,13.94,14.09,15247826,0.093,0.71%,13.1376,214853060.24,41816
2016-10-27,13.96,14.095,13.87,13.99,14106496,0.075,0.58%,13.0444,196949198.13,36258
2016-10-26,13.85,14.07,13.84,13.91,17328483,0.009,0.07%,12.9698,241336555.30,43648
2016-10-25,13.97,13.99,13.855,13.90,11069895,-0.065,-0.50%,12.9604,154020264.54,36454
2016-10-24,13.86,13.97,13.83,13.97,9762521,0.159,1.23%,13.0257,135874874.67,35092
2016-10-21,14.01,14.04,13.77,13.80,14610055,-0.28,-2.13%,12.8672,202278023.12,41198
2016-10-20,14.08,14.165,13.98,14.10,6824020,-0.019,-0.14%,13.1469,96028476.09,29534
2016-10-19,14.18,14.27,14.035,14.12,9918238,-0.084,-0.63%,13.1656,140255271.46,35283
2016-10-18,14.19,14.42,14.09,14.21,12762819,0.168,1.28%,13.2495,181696443.26,41280
2016-10-17,14.50,14.56,14.01,14.03,22058010,-0.42,-3.11%,13.0817,312348391.93,69540
2016-10-14,14.63,15.00,14.48,14.48,23107530,-0.625,-4.42%,13.5012,339373499.50,73886
2016-10-13,15.20,15.25,14.94,15.15,14423584,-0.186,-1.30%,14.1259,218055324.63,47681
2016-10-12,15.48,15.56,15.31,15.35,10064117,-0.084,-0.58%,14.3124,155033958.41,39591
2016-10-11,15.60,15.60,15.32,15.44,10650007,-0.14,-0.96%,14.3963,164615699.15,41120
2016-10-10,15.69,15.88,15.59,15.59,7726111,0.009,0.06%,14.5362,121309553.98,25039
2016-10-07,15.62,15.68,15.485,15.58,5458221,-0.019,-0.13%,14.5269,85045158.18,22606
2016-10-06,15.63,15.63,15.415,15.60,5285858,-0.028,-0.19%,14.5455,82236792.03,21960
2016-10-05,15.43,15.68,15.425,15.63,9082003,0.252,1.76%,14.5735,141713713.00,34698
2016-10-04,15.68,15.74,15.27,15.36,12313889,-0.27,-1.85%,14.3218,190338466.70,48487
2016-10-03,15.46,15.69,15.455,15.65,7281640,0.112,0.77%,14.5922,113691827.89,32990
2016-09-30,15.47,15.73,15.44,15.53,11457298,0.131,0.91%,14.4803,178601723.24,38284
2016-09-29,15.46,15.60,15.33,15.39,9794740,-0.093,-0.65%,14.3497,151417561.50,39986
2016-09-28,15.40,15.49,15.17,15.49,9742233,0.14,0.98%,14.443,149882988.21,37589
2016-09-27,15.00,15.37,14.95,15.34,9061256,0.298,2.13%,14.3031,138309099.66,30046
2016-09-26,15.00,15.12,14.93,15.02,7484534,-0.065,-0.46%,14.0047,112553702.15,34616
2016-09-23,15.10,15.185,15.03,15.09,8102240,-0.028,-0.20%,14.07,122470551.14,32651
2016-09-22,14.98,15.17,14.93,15.12,9938676,0.121,0.87%,14.098,149901989.00,37036
2016-09-21,14.63,15.00,14.62,14.99,13734124,0.42,3.09%,13.9768,204082078.24,38045
2016-09-20,14.64,14.67,14.52,14.54,8222246,-0.019,-0.14%,13.5572,119935460.39,24907
2016-09-19,14.58,14.74,14.535,14.56,7980905,0.028,0.21%,13.5758,116755428.62,27947
2016-09-16,14.74,14.80,14.49,14.53,18459467,0.028,0.21%,13.5479,269065486.34,44096
2016-09-15,14.19,14.60,14.14,14.50,11848829,0.214,1.61%,13.5199,171306720.24,37181
2016-09-14,14.18,14.35,14.09,14.27,8594751,0.084,0.63%,13.3054,122410423.11,36731
2016-09-13,14.35,14.44,14.06,14.18,15057496,-0.289,-2.14%,13.2215,214005098.57,50190
2016-09-12,13.85,14.57,13.78,14.49,15824253,0.507,3.90%,13.5106,226911432.81,54806
2016-09-09,14.52,14.53,14.07,14.07,16645911,-0.518,-3.83%,13.0033,237034043.96,47926
2016-09-08,14.60,14.69,14.55,14.63,10291981,-0.055,-0.41%,13.5209,150425865.24,34729
2016-09-07,14.63,14.75,14.51,14.69,6808979,0.055,0.41%,13.5763,99670488.26,27044
2016-09-06,14.54,14.67,14.53,14.63,7582474,0.129,0.97%,13.5209,110704370.62,26622
2016-09-02,14.61,14.70,14.45,14.49,8327224,-0.009,-0.07%,13.3915,121054021.10,29100
2016-09-01,14.39,14.50,14.28,14.50,10854014,0.12,0.90%,13.4007,156338916.61,38454
2016-08-31,14.34,14.42,14.21,14.37,11282674,-0.009,-0.07%,13.2806,161734322.40,30778
2016-08-30,14.43,14.46,14.28,14.38,10540817,-0.046,-0.35%,13.2898,151532866.76,29118
2016-08-29,14.41,14.58,14.39,14.43,8023567,0.037,0.28%,13.336,116338897.20,29029
2016-08-26,14.37,14.69,14.37,14.39,15567756,0.018,0.14%,13.2991,225990528.69,53781
2016-08-25,13.64,14.48,13.55,14.37,36143367,-0.028,-0.21%,13.2806,510315644.21,108907
2016-08-24,14.67,14.73,14.39,14.40,19757272,-0.157,-1.17%,13.3083,287541271.21,51662
2016-08-23,14.43,14.65,14.43,14.57,14074917,0.185,1.39%,13.4654,205171402.23,39092
2016-08-22,14.36,14.39,14.26,14.37,13103096,-0.046,-0.35%,13.2806,188103525.61,36013
2016-08-19,14.46,14.505,14.39,14.42,9503651,-0.083,-0.62%,13.3268,137147615.25,29129
2016-08-18,14.52,14.60,14.46,14.51,9054597,0.009,0.07%,13.41,131552845.41,28457
2016-08-17,14.40,14.505,14.33,14.50,10371432,0.083,0.62%,13.4007,149751198.30,30826
2016-08-16,14.46,14.515,14.38,14.41,9366448,-0.102,-0.76%,13.3176,135195544.59,26895
2016-08-15,14.31,14.59,14.31,14.52,12749131,0.222,1.68%,13.4192,184681514.83,40838
2016-08-12,14.29,14.38,14.245,14.28,9991641,-0.018,-0.14%,13.1974,142938907.41,24477
2016-08-11,14.20,14.33,14.15,14.30,8173799,0.102,0.78%,13.2159,116738033.84,23598
2016-08-10,14.28,14.30,14.14,14.19,11868697,-0.055,-0.42%,13.1142,168831051.69,37362
2016-08-09,14.29,14.34,14.24,14.25,12412423,-0.009,-0.07%,13.1697,177083657.36,32913
2016-08-08,14.30,14.34,14.20,14.26,11586363,-0.018,-0.14%,13.1789,165482171.62,32094
2016-08-05,14.24,14.36,14.19,14.28,10185616,0.12,0.92%,13.1974,145291059.18,35379
2016-08-04,14.33,14.38,14.095,14.15,14859942,-0.148,-1.12%,13.0773,210541973.73,36603
2016-08-03,14.05,14.35,14.04,14.31,10143215,0.231,1.78%,13.2251,144604239.27,36471
2016-08-02,13.92,14.18,13.85,14.06,10680566,-0.111,-0.85%,12.9941,149613966.64,42772
2016-08-01,14.06,14.24,14.02,14.18,13847556,0.157,1.21%,13.105,195939829.40,47058
2016-07-29,13.91,14.13,13.79,14.01,15759079,0.065,0.50%,12.9479,220449186.00,48516
2016-07-28,13.95,13.975,13.82,13.94,16141287,-0.046,-0.36%,12.8832,224182219.11,42493
2016-07-27,14.26,14.26,13.90,13.99,17620320,-0.176,-1.34%,12.9294,247283024.65,46259
2016-07-26,14.16,14.27,14.115,14.18,9362861,0.018,0.14%,13.105,132961520.92,27951
2016-07-25,14.10,14.20,14.09,14.16,6971303,0.046,0.35%,13.0865,98621545.62,23172
2016-07-22,14.01,14.14,13.905,14.11,10287343,0.102,0.79%,13.0403,144777646.08,25340
2016-07-21,14.13,14.18,13.93,14.00,18661695,-0.148,-1.13%,12.9386,262032927.74,44755
2016-07-20,14.15,14.25,14.04,14.16,17222703,0.102,0.78%,13.0865,244072672.26,34171
2016-07-19,13.93,14.11,13.915,14.05,11298815,0.102,0.79%,12.9848,158506714.29,32546
2016-07-18,13.85,14.00,13.85,13.94,6628739,0.083,0.65%,12.8832,92521711.71,19445
2016-07-15,13.89,13.93,13.77,13.85,10008683,0.046,0.36%,12.80,138561248.36,29521
2016-07-14,13.89,13.94,13.75,13.80,9378251,-0.009,-0.07%,12.7538,129581976.25,30582
2016-07-13,13.73,13.85,13.63,13.81,9809466,0.083,0.66%,12.763,134843597.62,33795
2016-07-12,13.47,13.83,13.42,13.72,17162892,0.518,4.26%,12.6799,234917908.07,52298
2016-07-11,13.17,13.30,13.0265,13.16,9730143,0.074,0.61%,12.1623,127777006.56,31126
2016-07-08,13.05,13.155,12.95,13.08,8603605,0.213,1.79%,12.0884,112523762.23,35216
2016-07-07,12.66,12.875,12.59,12.85,13625681,0.231,1.98%,11.8758,174367076.72,50646
2016-07-06,12.26,12.62,12.04,12.60,12005050,0.222,1.94%,11.6448,149531613.42,47410
2016-07-05,12.62,12.71,12.255,12.36,9277521,-0.342,-2.91%,11.423,114678694.88,34457
2016-07-01,12.55,12.76,12.51,12.73,10889168,0.166,1.43%,11.7649,138147368.10,38509
2016-06-30,12.27,12.55,12.14,12.55,14463718,0.342,3.04%,11.5986,179702743.11,48449
2016-06-29,11.97,12.23,11.84,12.18,14196374,0.36,3.31%,11.2566,172258830.51,52271
2016-06-28,11.67,11.80,11.51,11.79,15332941,0.222,2.08%,10.8962,179110538.99,46441
2016-06-27,12.11,12.12,11.48,11.55,15068527,-0.656,-5.79%,10.6744,175929317.12,55778
2016-06-24,12.41,12.63,12.15,12.26,19822702,-0.638,-5.33%,11.3306,244367986.46,62573
2016-06-23,12.83,12.97,12.79,12.95,13354172,0.314,2.70%,11.9682,172226686.39,39103
2016-06-22,12.81,12.97,12.60,12.61,18255631,-0.665,-5.40%,11.654,232543623.23,58482
2016-06-21,13.13,13.36,13.06,13.33,13198707,0.24,1.99%,12.3194,175045159.05,48568
2016-06-20,13.28,13.38,13.06,13.07,12433368,-0.046,-0.38%,12.0791,163508524.53,40304
2016-06-17,12.98,13.18,12.96,13.12,14437778,0.129,1.08%,12.1254,189126878.83,40205
2016-06-16,12.94,13.02,12.71,12.98,8609864,-0.018,-0.15%,11.996,110759511.84,31334
2016-06-15,13.09,13.20,12.9599,13.00,9812950,-0.046,-0.38%,12.0145,128251164.50,30752
2016-06-14,13.01,13.20,12.89,13.05,11584336,0.018,0.15%,12.0607,150935592.11,42232
2016-06-13,13.27,13.29,13.02,13.03,13612096,-0.32,-2.59%,12.0422,178484838.25,40628
2016-06-10,13.71,13.72,13.39,13.51,10147977,-0.31,-2.45%,12.3619,137007999.84,35364
2016-06-09,13.78,13.885,13.62,13.84,9411979,-0.027,-0.22%,12.6722,129885969.04,35795
2016-06-08,13.69,13.90,13.66,13.87,9281658,0.165,1.31%,12.6997,128417855.04,30752
2016-06-07,13.70,13.80,13.61,13.69,9551171,0.018,0.15%,12.5349,131044530.32,34386
2016-06-06,13.43,13.70,13.43,13.67,8693869,0.211,1.71%,12.5165,118508240.95,33480
2016-06-03,13.47,13.53,13.32,13.44,10879956,-0.092,-0.74%,12.3059,146114773.57,37987
2016-06-02,13.39,13.645,13.38,13.54,13659159,0.092,0.74%,12.3975,184817313.38,41244
2016-06-01,13.32,13.49,13.21,13.44,15231960,0.055,0.45%,12.3059,204396818.25,49474
2016-05-31,13.12,13.38,13.07,13.38,22009762,0.192,1.59%,12.251,292702718.57,55449
2016-05-27,13.02,13.305,12.955,13.17,18881860,0.119,1.00%,12.0587,248184829.44,63686
2016-05-26,12.50,13.15,12.45,13.04,29850860,0.769,6.89%,11.9397,385625111.02,93063
2016-05-25,12.24,12.34,12.11,12.20,15281751,0.266,2.43%,11.1706,186661148.16,46133
2016-05-24,11.68,11.93,11.62,11.91,8904028,0.22,2.06%,10.905,105523559.10,33101
2016-05-23,11.66,11.87,11.62,11.67,9392334,0.009,0.09%,10.6853,110048587.41,31219
2016-05-20,11.48,11.675,11.40,11.66,10409147,0.201,1.92%,10.6761,120735373.37,32588
2016-05-19,11.47,11.55,11.31,11.44,10828740,-0.119,-1.12%,10.4747,123508818.38,35551
2016-05-18,11.58,11.68,11.47,11.57,7045400,0.037,0.35%,10.5937,81587873.80,30358
2016-05-17,11.59,11.79,11.48,11.53,9530677,-0.101,-0.95%,10.5571,110559360.49,33186
2016-05-16,11.53,11.68,11.49,11.64,6107879,0.128,1.22%,10.6578,70970579.44,24825
2016-05-13,11.53,11.69,11.43,11.50,7605491,-0.055,-0.52%,10.5296,87778660.29,29923
2016-05-12,11.78,11.80,11.45,11.56,12098821,-0.119,-1.11%,10.5846,140193491.29,43283
2016-05-11,11.62,11.76,11.53,11.69,14228886,0.073,0.69%,10.7036,166314106.35,46699
2016-05-10,11.48,11.72,11.41,11.61,14925503,0.165,1.57%,10.6304,173007803.84,44196
2016-05-09,11.58,11.63,11.38,11.43,9548431,-0.147,-1.38%,10.4656,109446665.55,28985
2016-05-06,11.40,11.64,11.37,11.59,8439004,0.128,1.22%,10.6121,97223047.72,30331
2016-05-05,11.67,11.74,11.40,11.45,8975394,-0.128,-1.21%,10.4839,103321289.18,31866
2016-05-04,11.65,11.80,11.52,11.59,8674642,-0.11,-1.02%,10.6121,100860617.71,33777
2016-05-03,12.05,12.11,11.61,11.71,16316517,-0.375,-3.38%,10.7219,191167837.54,53738
2016-05-02,12.26,12.33,12.02,12.12,12284017,-0.137,-1.22%,11.0973,148823642.14,39923
2016-04-29,12.49,12.51,12.13,12.27,13491933,-0.275,-2.39%,11.2347,165110606.25,43343
2016-04-28,12.74,12.80,12.52,12.57,8041135,-0.174,-1.49%,11.5094,101927457.18,25392
2016-04-27,12.66,12.79,12.485,12.76,10530745,0.027,0.24%,11.6833,133354467.57,32561
2016-04-26,12.59,12.785,12.58,12.73,15712320,0.146,1.27%,11.6559,199639559.50,44684
2016-04-25,12.55,12.64,12.37,12.57,13957188,-0.037,-0.32%,11.5094,175029404.30,41865
2016-04-22,12.52,12.73,12.52,12.61,11636310,0.018,0.16%,11.546,147120543.68,30005
2016-04-21,12.78,12.841,12.58,12.59,11000358,-0.192,-1.64%,11.5277,139258933.10,34767
2016-04-20,12.82,12.96,12.725,12.80,17071955,0.018,0.16%,11.72,219598230.22,53297
2016-04-19,12.70,12.915,12.59,12.78,18279217,0.101,0.87%,11.7016,232955733.82,51919
2016-04-18,12.48,12.96,12.45,12.67,15584523,0.137,1.20%,11.6009,198424250.75,42685
2016-04-15,12.57,12.71,12.50,12.52,12488274,-0.027,-0.24%,11.4636,157178190.84,34808
2016-04-14,12.56,12.69,12.34,12.55,14172546,-0.082,-0.71%,11.491,177416225.11,45128
2016-04-13,12.34,12.74,12.26,12.64,16054721,0.385,3.44%,11.5735,201154640.59,52617
2016-04-12,12.20,12.31,11.78,12.22,28336407,0.082,0.74%,11.1889,342946721.30,67622
2016-04-11,12.10,12.44,12.095,12.13,15969492,0.064,0.58%,11.1065,195429053.77,46196
2016-04-08,12.09,12.28,12.05,12.06,8256239,0.064,0.58%,11.0424,100276902.09,30630
2016-04-07,12.21,12.29,11.93,11.99,14245294,-0.266,-2.36%,10.9783,171742090.69,40740
2016-04-06,12.03,12.29,11.89,12.28,13146724,0.302,2.76%,11.2438,159905457.70,43862
2016-04-05,12.10,12.14,11.93,11.95,15487788,-0.137,-1.24%,10.9417,186121472.17,45389
2016-04-04,12.24,12.30,12.09,12.10,11098437,-0.147,-1.31%,11.079,134697878.71,37336
2016-04-01,12.21,12.29,12.03,12.26,11919330,-0.055,-0.49%,11.2255,145183685.13,37974
2016-03-31,12.30,12.36,12.20,12.32,13811578,0.018,0.16%,11.2805,169753271.15,39915
2016-03-30,12.34,12.39,12.16,12.30,10790084,0.018,0.16%,11.2621,132653271.12,36116
2016-03-29,12.03,12.35,11.92,12.28,10721195,0.192,1.74%,11.2438,131120515.04,40591
2016-03-28,12.06,12.14,11.96,12.07,10561485,0.00,0.00%,11.0516,127384531.41,35412
2016-03-24,11.98,12.10,11.715,12.07,12086628,0.046,0.42%,11.0516,144548057.45,45930
2016-03-23,12.24,12.2801,11.97,12.02,11990005,-0.22,-1.96%,11.0058,145419840.42,46325
2016-03-22,12.09,12.30,12.06,12.26,10974894,0.046,0.41%,11.2255,134378072.77,35439
2016-03-21,12.14,12.24,11.98,12.21,14445644,0.027,0.25%,11.1797,175355210.26,47006
2016-03-18,11.78,12.22,11.78,12.18,35437933,0.421,3.92%,11.1523,428012975.95,57248
2016-03-17,11.62,12.25,11.59,11.72,18154948,0.092,0.86%,10.7311,213776673.14,64675
2016-03-16,11.41,11.67,11.35,11.62,11691723,0.201,1.93%,10.6395,134982941.32,45323
2016-03-15,11.43,11.45,11.20,11.40,11307644,-0.064,-0.61%,10.4381,128100963.12,0
2016-03-14,11.63,11.71,11.36,11.47,13588537,-0.211,-1.97%,10.5022,156009803.06,0
2016-03-11,11.52,11.70,11.45,11.70,12948046,0.256,2.45%,10.7128,149919235.47,0
2016-03-10,11.39,11.56,11.145,11.42,15901293,0.055,0.53%,10.4564,180419695.87,52697
2016-03-09,11.09,11.45,11.09,11.36,12056828,0.284,2.81%,10.4015,136743515.48,47074
2016-03-08,11.20,11.27,10.96,11.05,13054953,-0.238,-2.30%,10.1176,145029170.02,45982
2016-03-07,10.99,11.40,10.95,11.31,12399208,0.233,2.30%,10.3557,139731411.45,48354
2016-03-04,11.15,11.32,11.10,11.18,15193961,0.063,0.63%,10.1231,170049854.29,51476
2016-03-03,10.97,11.295,10.96,11.11,18109767,0.19,1.93%,10.0597,201186653.44,52360
2016-03-02,10.93,11.06,10.77,10.90,12508166,-0.027,-0.27%,9.8696,136226385.87,42869
2016-03-01,10.84,11.02,10.67,10.93,17280143,0.217,2.25%,9.8967,187596135.47,49521
2016-02-29,10.64,10.85,10.60,10.69,17442482,0.045,0.47%,9.6794,186790266.44,47085
2016-02-26,10.44,10.99,10.38,10.64,22767977,0.272,2.90%,9.6342,244854861.75,74753
2016-02-25,10.16,10.46,9.95,10.34,35602796,-0.435,-4.44%,9.3625,363204949.63,103586
2016-02-24,10.28,10.8599,10.10,10.82,21745835,0.462,4.95%,9.7971,230825558.27,73825
2016-02-23,10.61,10.63,10.25,10.31,13019804,-0.335,-3.46%,9.3354,135073084.27,51397
2016-02-22,10.44,10.75,10.42,10.68,10850022,0.326,3.49%,9.6704,115200379.84,38332
2016-02-19,10.49,10.4932,10.05,10.32,13933483,-0.181,-1.90%,9.3444,142991477.54,40181
2016-02-18,10.13,10.67,10.10,10.52,18758879,0.398,4.37%,9.5255,196171840.05,64697
2016-02-17,9.88,10.10,9.87,10.08,11990079,0.244,2.75%,9.1271,120328572.04,51737
2016-02-16,9.56,9.845,9.45,9.81,12066901,0.353,4.14%,8.8826,117321193.12,39798
2016-02-12,9.09,9.44,9.03,9.42,9665478,0.362,4.43%,8.5295,89781136.66,31022
2016-02-11,9.14,9.20,8.91,9.02,14737628,-0.235,-2.80%,8.1673,132861794.43,46738
2016-02-10,9.24,9.465,9.19,9.28,12246977,0.081,0.98%,8.4027,114379808.90,38308
2016-02-09,9.29,9.42,9.15,9.19,20489175,-0.163,-1.92%,8.3212,189572526.57,59752
2016-02-08,9.76,9.809,9.21,9.37,15919186,-0.489,-5.45%,8.4842,149599754.48,53287
2016-02-05,9.83,10.12,9.76,9.91,17014210,0.045,0.51%,8.9732,169292291.25,53046
2016-02-04,9.60,9.935,9.60,9.86,11744573,0.19,2.18%,8.9279,115274874.87,44496
2016-02-03,9.81,9.85,9.33,9.65,15264346,-0.208,-2.33%,8.7377,146577531.01,54152
2016-02-02,9.83,9.97,9.7299,9.88,21614739,-0.081,-0.90%,8.946,212999332.95,56379
2016-02-01,9.65,10.01,9.59,9.97,21712343,0.235,2.68%,9.0275,214452030.17,61315
2016-01-29,9.58,9.72,9.40,9.71,47468423,0.208,2.43%,8.7921,451905225.58,71914
2016-01-28,9.75,9.77,9.42,9.48,13443694,-0.127,-1.46%,8.5838,128408169.20,45294
2016-01-27,9.64,9.89,9.565,9.62,9768623,-0.018,-0.21%,8.7106,94988331.70,38397
2016-01-26,9.54,9.80,9.51,9.64,9929560,0.136,1.58%,8.7287,96110246.80,32753
2016-01-25,9.79,9.8061,9.45,9.49,14556839,-0.281,-3.16%,8.5929,138974971.67,47366
2016-01-22,10.13,10.24,9.73,9.80,17295154,-0.127,-1.41%,8.8736,170798518.16,51755
2016-01-21,9.61,10.01,9.5051,9.94,25739327,0.353,4.08%,9.0003,255200922.82,67772
2016-01-20,9.55,9.63,9.24,9.55,27005140,-0.19,-2.15%,8.6472,254084610.97,76905
2016-01-19,10.27,10.28,9.70,9.76,27430335,-0.317,-3.46%,8.8374,269988146.85,77984
2016-01-15,10.18,10.38,9.99,10.11,24212476,-0.462,-4.80%,9.1543,245642711.70,64950
2016-01-14,10.60,10.82,10.54,10.62,29085016,0.036,0.38%,9.6161,310520559.92,66809
2016-01-13,10.83,10.925,10.44,10.58,29839454,-0.217,-2.22%,9.5798,316786147.15,79619
2016-01-12,10.76,10.8867,10.57,10.82,16629480,0.154,1.60%,9.7971,178333163.27,49386
2016-01-11,10.66,10.75,10.50,10.65,17004006,0.063,0.66%,9.6432,180819290.50,56076
2016-01-08,10.83,10.92,10.55,10.58,17429384,-0.172,-1.76%,9.5798,186612545.16,50030
2016-01-07,11.05,11.05,10.72,10.77,25487650,-0.471,-4.61%,9.7519,277027536.25,68447
2016-01-06,11.52,11.52,11.20,11.29,16352592,-0.38,-3.59%,10.2227,184997004.12,53904
2016-01-05,11.65,11.78,11.58,11.71,13558506,0.10,0.95%,10.603,158585940.07,46390
2016-01-04,11.58,11.66,11.45,11.60,15143504,-0.217,-2.03%,10.5034,174989185.55,54910
2015-12-31,11.83,11.99,11.76,11.84,10382718,0.00,0.00%,10.7207,123289439.53,33831
2015-12-30,11.91,11.96,11.81,11.84,8390613,-0.018,-0.17%,10.7207,99751794.26,31578
2015-12-29,11.67,11.93,11.67,11.86,9666338,0.208,1.98%,10.7388,114161433.38,31913
2015-12-28,11.70,11.72,11.58,11.63,8052380,-0.091,-0.85%,10.5306,93813375.48,29259
2015-12-24,11.75,11.89,11.72,11.73,4626631,-0.018,-0.17%,10.6211,54559837.55,15570
2015-12-23,11.75,11.79,11.66,11.75,11953781,0.081,0.77%,10.6392,140270423.86,37599
2015-12-22,11.40,11.76,11.30,11.66,19678125,0.208,2.01%,10.5577,228355765.79,61530
2015-12-21,11.60,11.63,11.31,11.43,18336189,-0.072,-0.70%,10.3495,209460887.98,57782
2015-12-18,11.83,11.91,11.45,11.51,38462426,-0.353,-3.28%,10.4219,446008830.32,79409
2015-12-17,12.28,12.35,11.89,11.90,25744262,-0.326,-2.94%,10.775,309501945.78,77563
2015-12-16,12.27,12.395,12.18,12.26,18241296,0.045,0.41%,11.101,224033504.88,62160
2015-12-15,12.22,12.465,12.20,12.21,18768571,0.045,0.41%,11.0557,231744930.42,59443
2015-12-14,12.30,12.47,12.01,12.16,19394178,-0.045,-0.41%,11.0105,235616765.45,66148
2015-12-11,12.14,12.28,12.04,12.21,20889528,-0.136,-1.21%,11.0557,254490351.42,67006
2015-12-10,12.12,12.38,12.12,12.36,15199887,0.226,2.06%,11.1916,186707994.36,44217
2015-12-09,12.08,12.45,12.045,12.11,23603459,-0.072,-0.66%,10.9652,287821877.24,64720
2015-12-08,11.92,12.36,11.89,12.19,20595506,0.036,0.33%,11.0376,250611286.48,59145
2015-12-07,12.21,12.465,12.07,12.15,21616358,-0.042,-0.38%,11.0014,264664440.22,61643
2015-12-04,12.15,12.56,12.12,12.32,21815329,0.152,1.40%,11.0431,269409976.19,59476
2015-12-03,11.97,12.37,11.86,12.15,47349888,0.179,1.67%,10.8907,573453073.07,107367
2015-12-02,12.61,12.61,11.90,11.95,52272809,-0.708,-6.20%,10.7114,632895021.33,115821
2015-12-01,12.63,12.77,12.52,12.74,17801789,0.179,1.59%,11.4195,225707422.98,49267
2015-11-30,12.58,12.69,12.39,12.54,28852415,-0.063,-0.56%,11.2403,361270724.92,76134
2015-11-27,12.54,12.88,12.51,12.61,17214251,-0.027,-0.24%,11.303,219098889.74,53281
2015-11-25,13.17,13.27,12.26,12.64,71908577,-1.793,-13.66%,11.3299,908869906.58,209924
2015-11-24,14.07,14.82,14.02,14.64,28906255,0.368,2.88%,13.1226,421493840.09,92061
2015-11-23,14.31,14.33,13.99,14.23,14518075,0.152,1.21%,12.7551,205984741.96,44373
2015-11-20,13.84,14.09,13.81,14.06,20111381,0.242,1.96%,12.6027,281472533.28,48810
2015-11-19,13.67,13.84,13.6201,13.79,15354564,0.134,1.10%,12.3607,211214050.44,43052
2015-11-18,13.43,13.69,13.38,13.64,12828573,0.323,2.71%,12.2262,174488990.23,44507
2015-11-17,13.41,13.65,13.26,13.28,14772995,-0.063,-0.52%,11.9036,197874961.04,57133
2015-11-16,13.15,13.43,13.11,13.35,12705276,0.215,1.83%,11.9663,168956869.32,41830
2015-11-13,13.36,13.45,13.03,13.11,17493705,-0.179,-1.50%,11.7512,230602614.10,48728
2015-11-12,13.79,13.80,13.29,13.31,20432243,-0.547,-4.38%,11.9305,274852305.72,69803
2015-11-11,14.13,14.21,13.90,13.92,9758000,-0.179,-1.42%,12.4772,136356867.33,35234
2015-11-10,13.87,14.14,13.83,14.12,15740262,0.224,1.80%,12.6565,221220111.40,57568
2015-11-09,14.25,14.35,13.84,13.87,19631580,-0.125,-1.00%,12.4324,274908749.58,69221
2015-11-06,13.96,14.06,13.83,14.01,21712730,-0.036,-0.28%,12.5579,303391846.01,59778
2015-11-05,14.21,14.25,13.96,14.05,16651628,-0.081,-0.64%,12.5938,234265926.26,58716
2015-11-04,14.25,14.43,13.91,14.14,34907608,-0.134,-1.05%,12.6744,493406961.05,111822
2015-11-03,13.73,14.50,13.55,14.29,39579358,0.412,3.33%,12.8089,560115161.03,123712
2015-11-02,12.47,14.00,12.41,13.83,51620791,1.524,14.01%,12.3966,706432021.84,177699
2015-10-30,11.35,12.13,11.02,12.13,2228498,0.341,3.23%,10.8728,26012896.14,4814
2015-10-29,11.60,11.91,11.24,11.75,668452,0.00,0.00%,10.5321,7751712.31,1367
2015-10-28,11.68,12.04,11.50,11.75,471487,0.00,0.00%,10.5321,5554949.03,2026
2015-10-27,11.55,12.12,11.32,11.75,868546,0.054,0.51%,10.5321,10206449.94,2786
2015-10-26,11.82,11.96,11.46,11.69,238264,-0.278,-2.58%,10.4784,2777094.63,1211
2015-10-23,11.90,12.38,11.73,12.00,314685,0.152,1.44%,10.7562,3782992.34,486
2015-10-22,12.25,12.25,11.70,11.83,492473,-0.197,-1.83%,10.6039,5881535.11,424
2015-10-21,12.07,12.07,11.25,12.05,171500,0.036,0.33%,10.8011,2013318.25,745
2015-10-20,12.60,12.60,11.70,12.01,363410,-0.359,-3.22%,10.7652,4357402.92,259
2015-10-19,10.51,12.50,10.51,12.41,1887845,11.124,0.00%,11.1237,22658517.91,2509
